<?xml version="1.0" encoding="utf-8"?>
<resources>

	<icon_ofsset name="default">8</icon_ofsset>

	<icon_ofsset name="com_zui_cloudservice__ic_logo_round">0</icon_ofsset>

	<icon_ofsset name="com_androidesk__ic_launcher">15</icon_ofsset>

	<icon_ofsset name="com_sohu_inputmethod_sogou__logo">15</icon_ofsset>

	<icon_ofsset name="com_youku_phone__ic_launcher">15</icon_ofsset>

	<icon_ofsset name="com_tencent_news__icon">0</icon_ofsset>
	<icon_ofsset name="com_tencent_news__a">-11</icon_ofsset>

	<icon_ofsset name="com_tencent_mobileqq__hcw">15</icon_ofsset>

	<icon_ofsset name="com_tencent_qqlite__icon">15</icon_ofsset>

	<icon_ofsset name="com_anjuke_android_app__houseajk_icon_new">10</icon_ofsset>

	<icon_ofsset name="com_tencent_karaoke__ul">15</icon_ofsset>

	<icon_ofsset name="com_niksoftware_snapseed__logo_snapseed_color_48">15</icon_ofsset>

	<icon_ofsset name="com_tencent_mtt__application_icon">15</icon_ofsset>

	<icon_ofsset name="com_tianyancha_skyeye__icon_app">15</icon_ofsset>

	<icon_ofsset name="com_baidu_input__icon">15</icon_ofsset>

	<icon_ofsset name="com_chinatelecom_bestpayclient__bestpayicon">8</icon_ofsset>

	<icon_ofsset name="air_tv_douyu_android__cmm_launcher">8</icon_ofsset>

	<icon_ofsset name="com_fenbi_android_solar__shortcut">8</icon_ofsset>
	<icon_ofsset name="com_fenbi_android_solar__logo">8</icon_ofsset>

	<icon_ofsset name="com_baidu_searchbox_lite__icon">8</icon_ofsset>

	<icon_ofsset name="com_storm_smart__ic_launcher">8</icon_ofsset>

	<icon_ofsset name="com_tmall_wireless__tmall_ic_launcher">8</icon_ofsset>

	<icon_ofsset name="com_ct_client__icon_zt_hg">8</icon_ofsset>

	<icon_ofsset name="com_cleanmaster_mguard_cn__n_">18</icon_ofsset>

	<icon_ofsset name="com_sohu_sohuvideo__launcher_sohu">15</icon_ofsset>

	<icon_ofsset name="com_alibaba_wireless__logo">8</icon_ofsset>

	<icon_ofsset name="com_baidu_video__ic_launcher">8</icon_ofsset>

	<icon_ofsset name="cmccwm_mobilemusic__logo">8</icon_ofsset>

	<icon_ofsset name="com_qiyi_video_pad__qiyi_icon">8</icon_ofsset>

	<icon_ofsset name="com_google_android_inputmethod_pinyin__app_icon">20</icon_ofsset>

	<icon_ofsset name="com_xunlei_downloadprovider__ic_launcher">8</icon_ofsset>

	<icon_ofsset name="com_when_wannianli__ic_icon">8</icon_ofsset>

	<icon_ofsset name="cn_etouch_ecalendar__icon">8</icon_ofsset>

	<icon_ofsset name="com_cubic_autohome__ic_launcher">8</icon_ofsset>

	<icon_ofsset name="com_ganji_android__wb_new_icon">8</icon_ofsset>

	<icon_ofsset name="com_hpbr_bosszhipin__logo_unofficial">8</icon_ofsset>

	<icon_ofsset name="com_cmcc_cmvideo__ic_launcher">8</icon_ofsset>

	<icon_ofsset name="fm_qingting_qtradio__ic_launcher">8</icon_ofsset>

	<icon_ofsset name="com_iyd_reader_readingjoy__app_icon">8</icon_ofsset>

	<icon_ofsset name="com_ushaqi_zhuishushenqi_adfree__ic_launcher">8</icon_ofsset>

	<icon_ofsset name="com_estrongs_android_pop__fex">8</icon_ofsset>

	<icon_ofsset name="com_tencent_zebra__ic_launcher">10</icon_ofsset>

	<icon_ofsset name="com_smartisan_notes__notes_launcher">20</icon_ofsset>

	<icon_ofsset name="com_smartisan_calendar__ic_launcher_calendar">20</icon_ofsset>

	<icon_ofsset name="com_smartisanos_home__launcher_icon">20</icon_ofsset>

	<icon_ofsset name="com_smartisan_clock__icon">0</icon_ofsset>

	<icon_ofsset name="com_smartisan_email__ic_launcher_mail">20</icon_ofsset>

	<icon_ofsset name="com_smartisan_reader__ic_launcher">20</icon_ofsset>

	<icon_ofsset name="com_tencent_qt_sns__app_logo">15</icon_ofsset>

	<icon_ofsset name="com_catchingnow_tinyclipboardmanager__ic_launcher">10</icon_ofsset>

	<icon_ofsset name="com_tencent_research_drop__icon">20</icon_ofsset>

	<icon_ofsset name="com_gorgeous_lite__ic_launcher">10</icon_ofsset>

	<icon_ofsset name="com_chenupt_text__b">15</icon_ofsset>

	<icon_ofsset name="com_catchingnow_tinyclipboardmanager__ic_launcher">20</icon_ofsset>

	<icon_ofsset name="com_tencent_qqmusic__parenting_shortcut_icon">0</icon_ofsset>
	<icon_ofsset name="com_tencent_qqmusic__b">-2</icon_ofsset>

	<icon_ofsset name="com_google_android_apps_handwriting_ime__quantum_logo_keyboard_stylus_color_48">20</icon_ofsset>
	<icon_ofsset name="com_google_android_googlequicksearchbox__sound_id_widget_normal">0</icon_ofsset>
	<icon_ofsset name="com_google_android_googlequicksearchbox__ic_launcher_voicesearch">6</icon_ofsset>
	<icon_ofsset name="com_google_android_googlequicksearchbox__ic_launcher_google_search">3</icon_ofsset>

	<icon_ofsset name="com_tencent_powermanager__icon_80">20</icon_ofsset>

	<icon_ofsset name="sogou_mobile_explorer__ic_launcher_browser">-3</icon_ofsset>

	<icon_ofsset name="com_android_chrome__ic_launcher">-12</icon_ofsset>

	<icon_ofsset name="com_gau_go_launcherex__icon">18</icon_ofsset>

	<icon_ofsset name="com_lbe_security__ic_clean_shortcut">18</icon_ofsset>
	<icon_ofsset name="com_lbe_security__12o">18</icon_ofsset>

	<icon_ofsset name="com_shuame_rootgenius__app_ico">15</icon_ofsset>

	<icon_ofsset name="com_tencent_qqlauncher__launcher_ic_shortcut_clean_memory_v2">20</icon_ofsset>

	<icon_ofsset name="com_smile_gifmaker__kwai_icon">8</icon_ofsset>

	<icon_ofsset name="com_iflytek_inputmethod__app_high_icon">5</icon_ofsset>

	<icon_ofsset name="com_google_android_googlecamera__logo_google_camera">20</icon_ofsset>

	<icon_ofsset name="com_nd_android_pandahome2__logo">20</icon_ofsset>

	<icon_ofsset name="com_tencent_launcher__launcher_ic_shortcut_clean_memory_v2">15</icon_ofsset>
	<icon_ofsset name="com_tencent_launcher__launcher_ic_shortcut_tool_folder">15</icon_ofsset>
	<icon_ofsset name="com_tencent_launcher__launcher_ic_home">12</icon_ofsset>

	<icon_ofsset name="com_lx_launcher__ic_launcher">20</icon_ofsset>

	<icon_ofsset name="com_androidesk_livewallpaper__ic_launcher">15</icon_ofsset>

	<icon_ofsset name="com_microsoft_office_lync15__ic_sforb">20</icon_ofsset>
	<icon_ofsset name="com_microsoft_office_powerpoint__ic_powerpoint">2</icon_ofsset>
	<icon_ofsset name="com_microsoft_office_onenote__icon">5</icon_ofsset>

	<icon_ofsset name="com_qo_android_am3__qo_main">22</icon_ofsset>

	<icon_ofsset name="com_taobao_ju_android__ic_jhs_launcher">18</icon_ofsset>

	<icon_ofsset name="com_simtrons_dance__ic_launcher">18</icon_ofsset>

	<icon_ofsset name="it_beppi_easystepcounter__ic_launcher">16</icon_ofsset>

	<icon_ofsset name="com_runtastic_android_heartrate_lite__">18</icon_ofsset>

	<icon_ofsset name="ru_zdevs_zarchiver__ic_launcher">12</icon_ofsset>

	<icon_ofsset name="com_lenovo_launcher_theme_washpaintinge2e__ic_launcher">3</icon_ofsset>

	<icon_ofsset name="com_lenovo_launcher_theme_polarlighte2e__ic_launcher">0</icon_ofsset>

	<icon_ofsset name="cmb_pb__icon">0</icon_ofsset>

	<icon_ofsset name="com_baidu_homework__ic_launcher">5</icon_ofsset>

	<icon_ofsset name="com_tencent_qqpimsecure__icon">5</icon_ofsset>

	<icon_ofsset name="com_qihoo360_mobilesafe__dk">3</icon_ofsset>

	<icon_ofsset name="com_google_earth__product_logo_earth_launcher_color_48">3</icon_ofsset>

	<icon_ofsset name="ru_yvs__ic_launcher">5</icon_ofsset>

	<icon_ofsset name="com_meizu_notes__ic_launcher_notepaper">3</icon_ofsset>

	<icon_ofsset name="com_meizu_store__icon">2</icon_ofsset>

	<icon_ofsset name="com_meizu_flyme_flymebbs__kx">5</icon_ofsset>

	<icon_ofsset name="com_vmall_client__logo3_0">2</icon_ofsset>

	<icon_ofsset name="com_sharpregion_tapet__icon_main">-1</icon_ofsset>

	<icon_ofsset name="com_wear_fantasy__ic_launcher">7</icon_ofsset>

	<icon_ofsset name="com_secretlisa_beidanci__ic_launcher">5</icon_ofsset>

	<icon_ofsset name="com_adobe_air__icon">3</icon_ofsset>

	<icon_ofsset name="com_funshion_video_mobile__icon">3</icon_ofsset>

	<icon_ofsset name="com_alensw_picfolder__icon">2</icon_ofsset>

	<icon_ofsset name="com_omesoft_hypnotherapist__ic_launcher">3</icon_ofsset>

	<icon_ofsset name="com_mci_smagazine__a">5</icon_ofsset>

	<icon_ofsset name="com_julanling_app__ic_launcher">0</icon_ofsset>

	<icon_ofsset name="com_fihtdc_note__note_icon">7</icon_ofsset>

	<icon_ofsset name="com_app96_android__ic_launcher">15</icon_ofsset>

	<icon_ofsset name="com_nextdev_alarm__ic_launcher">2</icon_ofsset>

	<icon_ofsset name="com_duapps_recorder__durec_ic_launcher">15</icon_ofsset>

	<icon_ofsset name="com_runtastic_android_sixpack_lite__">5</icon_ofsset>

	<icon_ofsset name="com_evernote__ic_launcher">15</icon_ofsset>

	<icon_ofsset name="com_browser2345__ic_launcher">2</icon_ofsset>

	<icon_ofsset name="com_backdrops_wallpapers__theme_icon">2</icon_ofsset>

	<icon_ofsset name="com_sinovatech_unicom_ui__icon1">22</icon_ofsset>

	<icon_ofsset name="com_microsoft_bites__app_icon">15</icon_ofsset>

	<icon_ofsset name="com_explore_web_browser__ic_launcher">5</icon_ofsset>

	<icon_ofsset name="com_mirageengine_tv_xxtbkt__uz_icon">20</icon_ofsset>

	<icon_ofsset name="com_tiantian_android_player__tp_icon">7</icon_ofsset>

	<icon_ofsset name="net_daum_android_solcalendar__icon">12</icon_ofsset>

	<icon_ofsset name="com_youdao_translator__ic_launcher">2</icon_ofsset>

	<icon_ofsset name="com_zbx_ct_tvzhibo__tvphone_logo">25</icon_ofsset>

	<icon_ofsset name="com_jjwxc_reader__ic_launcher">5</icon_ofsset>

	<icon_ofsset name="cn_ibuka_manga_ui__icon">10</icon_ofsset>

	<icon_ofsset name="com_sdxh_sjxf__ic_launcher">25</icon_ofsset>

	<icon_ofsset name="com_sina_vcomic__push">5</icon_ofsset>

	<icon_ofsset name="guangdiangtong_caipu4__icon">2</icon_ofsset>

	<icon_ofsset name="aofo_wnl__ic_launcher">3</icon_ofsset>

	<icon_ofsset name="com_qihoo360_mobilesafe__d6">6</icon_ofsset>

	<icon_ofsset name="com_xsmfdq__push">7</icon_ofsset>

	<icon_ofsset name="com_ximalaya_tinghd_android__ting">9</icon_ofsset>

	<icon_ofsset name="com_chaozh_ireader_dj__icon">15</icon_ofsset>

	<icon_ofsset name="com_zengame_ttddzzrb_lenovo__ic_launcher">6</icon_ofsset>

	<icon_ofsset name="com_qileyx_hxddz_lenovo__icon_lauch">6</icon_ofsset>

	<icon_ofsset name="com_byhlz_byhlzwy_lenovo__icon">9</icon_ofsset>

	<icon_ofsset name="com_tocaboca_tocahairsalon3__app_icon">5</icon_ofsset>

	<icon_ofsset name="com_hnwhkj_ttbuyudaren_lenovo__app_icon">9</icon_ofsset>

	<icon_ofsset name="com_ztgame_bob__app_icon">9</icon_ofsset>

	<icon_ofsset name="com_happyelements_androidanimal__icon_new">9</icon_ofsset>

	<icon_ofsset name="com_moreshine_game_warheros_nmyz_emw_lenovo__icon">9</icon_ofsset>

	<icon_ofsset name="com_tianmashikong_qmqj_lenovo__ic_launcher">10</icon_ofsset>

	<icon_ofsset name="com_yaoji_yaojibuyuwy_lenovo__icon">9</icon_ofsset>

	<icon_ofsset name="com_wanmei_mini_dod_lenovo__ic_launcher">9</icon_ofsset>

	<icon_ofsset name="com_mfp_jelly_lenovo__ic_launcher">9</icon_ofsset>

	<icon_ofsset name="com_pokercity_tmgp_lenovo__icon">9</icon_ofsset>

	<icon_ofsset name="com_tencent_tmgp_wec__wec_icon">9</icon_ofsset>

	<icon_ofsset name="com_blackteastudio_battlegrounds__app_icon">2</icon_ofsset>

	<icon_ofsset name="com_fgol_lenovo__app_icon">9</icon_ofsset>

	<icon_ofsset name="funlight_com_game_sgqy_lenovo__ic_launcher">5</icon_ofsset>

	<icon_ofsset name="com_radical_huangshangjixiang_lenovo__ic_launcher">4</icon_ofsset>

	<icon_ofsset name="sh_lilith_dgame_lenovo__icon">9</icon_ofsset>

	<icon_ofsset name="com_bohaoo_ddz_lenovo__icon">9</icon_ofsset>

	<icon_ofsset name="com_lg_dldl_lenovo__app_icon">9</icon_ofsset>

	<icon_ofsset name="com_hoolai_dszq_lenovo__app_icon">9</icon_ofsset>

	<icon_ofsset name="onyuan_guandan_lenovo__app_icon">9</icon_ofsset>

	<icon_ofsset name="net_uuapps_play_majiang__majiang">6</icon_ofsset>

	<icon_ofsset name="com_wedobest_puzzlebubble_lenovo__app_icon">9</icon_ofsset>

	<icon_ofsset name="com_soulgame_slithersg_lenovo__icon">6</icon_ofsset>

	<icon_ofsset name="com_zhangzu_qpbydmg_lenovo__icon">9</icon_ofsset>

	<icon_ofsset name="com_snailgame_jyyd_lenovo__icon">5</icon_ofsset>

	<icon_ofsset name="com_pdragon_weiqi_lenovo__app_icon">5</icon_ofsset>

	<icon_ofsset name="com_jd_game_bubblezuma_lenovo__icon">6</icon_ofsset>

	<icon_ofsset name="com_wedobest_puzzlebo_lenovo__app_icon">5</icon_ofsset>

	<icon_ofsset name="com_joym_combatman_lenovo__icon">4</icon_ofsset>

	<icon_ofsset name="com_xxyx_union_lenovo__ic_launcher">5</icon_ofsset>

	<icon_ofsset name="com_duole_guandanhd_lenovo__icon">5</icon_ofsset>

	<icon_ofsset name="com_foxgame_xiaoxiaole_lenovo__icon">6</icon_ofsset>

	<icon_ofsset name="com_gamevil_colodefense_glo__ic_launcher">6</icon_ofsset>

	<icon_ofsset name="com_bilibili_fgo_lenovo__app_icon">5</icon_ofsset>

	<icon_ofsset name="com_tencent_xishanju_xj4__app_icon">5</icon_ofsset>

	<icon_ofsset name="com_mf_monsterblast_mob__ic_launcher">5</icon_ofsset>

	<icon_ofsset name="com_joym_legendhero_lenovo__icon">0</icon_ofsset>

	<icon_ofsset name="com_huale_justicearrive_lenovo__icon">5</icon_ofsset>

	<icon_ofsset name="com_wodidashi_wolf__ic_launcher">8</icon_ofsset>

	<icon_ofsset name="com_pdragon_qiuqiu_lenovo__app_icon">9</icon_ofsset>

	<icon_ofsset name="com_hero_sm_lenovo__ic_launcher">9</icon_ofsset>

	<icon_ofsset name="com_yyhd_happywolf__ic_launcher">5</icon_ofsset>

	<icon_ofsset name="com_netease_my_lenovo__ic_launcher">8</icon_ofsset>

	<icon_ofsset name="com_wedobest_feixingqi_lenovo__app_icon">6</icon_ofsset>

	<icon_ofsset name="com_fingertip_llk_lenovo__app_icon">4</icon_ofsset>

	<icon_ofsset name="com_ifuntimes_moxiao_lenovo__icon">4</icon_ofsset>

	<icon_ofsset name="com_yodo1_tew_lenovo__app_icon">9</icon_ofsset>

	<icon_ofsset name="com_gbits_atm_gl_wx__ic_launcher">1</icon_ofsset>

	<icon_ofsset name="com_netease_my_gl_wx__ic_launcher">2</icon_ofsset>

	<icon_ofsset name="com_tencent_tmgp_jxqy_gl_am__ic_launcher">6</icon_ofsset>

	<icon_ofsset name="com_zhangqu_game_tank3d_lenovo__app_icon">4</icon_ofsset>

	<icon_ofsset name="com_sogou_mobiletoolassist__ic_logo">0</icon_ofsset>

	<icon_ofsset name="com_aoaogame_game82__icon">1</icon_ofsset>

	<icon_ofsset name="com_doraemon_doraemonrepairshopseasons_bnn__icon">0</icon_ofsset>

	<icon_ofsset name="com_zui_wifip2p__iv_a2w">5</icon_ofsset>

	<icon_ofsset name="com_glgjing_marvel__icon_marvel">5</icon_ofsset>

	<icon_ofsset name="com_digibites_accubattery__ic_launcher">18</icon_ofsset>

	<icon_ofsset name="com_cpuid_cpu_z__ic_launcher">3</icon_ofsset>

	<icon_ofsset name="com_coolapk_autoinstaller__ic_launcher">2</icon_ofsset>

	<icon_ofsset name="cn_com_bmac_nfc__ic_launcher">7</icon_ofsset>

	<icon_ofsset name="com_chaozh_ireaderfreepad__icon">20</icon_ofsset>

	<icon_ofsset name="com_argus_camera__ic_logo_smartscanner">6</icon_ofsset>

	<icon_ofsset name="com_jionl_lenovo_ishare_chy__icon">-2</icon_ofsset>

</resources>
