<?xml version="1.0" encoding="utf-8"?>
<resources>

    <!-- bluetooth start-->
    <drawable name="com_android_bluetooth__bt_share">@drawable/com_android_bluetooth__bt_share</drawable>
    <!-- bluetooth end-->

    <!-- launcher_shortcut_lock start-->
    <drawable name="com_zui_launcher__ic_shortcut_lock">@drawable/com_zui_launcher__ic_shortcut_lock</drawable>
    <!-- launcher_shortcut_lock end-->

    <!-- nfc start-->
    <drawable name="com_android_nfc__icon">@drawable/com_android_nfc__icon</drawable>
    <drawable name="com_android_nfc__nfc_icon">@drawable/com_android_nfc__icon</drawable>
    <!-- nfc end-->

    <!-- com_mobileticket start-->
    <drawable name="com_mobileticket__icon">@drawable/com_mobileticket__icon</drawable>
    <!-- com_mobileticket end-->

</resources>
