<?xml version="1.0" encoding="utf-8"?>
<resources>

	<icon_ofsset name="default">8</icon_ofsset>
	
	<icon_ofsset name="com_tencent_news__a">2</icon_ofsset>

	<icon_ofsset name="com_shuame_rootgenius__app_ico">14</icon_ofsset>

	<icon_ofsset name="com_excelliance_dualaid__icon">17</icon_ofsset>

	<icon_ofsset name="com_google_earth__product_logo_earth_launcher_color_48">14</icon_ofsset>

	<icon_ofsset name="net_daum_android_solcalendar__icon">14</icon_ofsset>

	<icon_ofsset name="com_tudou_android__icon">10</icon_ofsset>

	<icon_ofsset name="com_browser2345__ic_launcher">12</icon_ofsset>

	<icon_ofsset name="com_youdao_translator__ic_launcher">10</icon_ofsset>

	<icon_ofsset name="com_xfplay_play__icon">16</icon_ofsset>

	<icon_ofsset name="sogou_mobile_explorer__ic_launcher_browser">16</icon_ofsset>

	<icon_ofsset name="com_androidesk__ic_launcher">14</icon_ofsset>

	<icon_ofsset name="com_androidesk_livewallpaper__ic_launcher">14</icon_ofsset>

	<icon_ofsset name="net_jingbz_dkapp__ic_launcher">13</icon_ofsset>

	<icon_ofsset name="fm_qingting_qtradio__ic_launcher">10</icon_ofsset>

	<icon_ofsset name="com_baidu_input__icon">9</icon_ofsset>

	<icon_ofsset name="com_baidu_video__ic_launcher">9</icon_ofsset>

	<icon_ofsset name="com_tencent_mobileqq__hcw">9</icon_ofsset>
	<icon_ofsset name="com_tencent_mobileqq__vxy">12</icon_ofsset>
	<icon_ofsset name="com_tencent_mobileqq__qfile_dataline_pc_recent">12</icon_ofsset>

	<icon_ofsset name="com_sinovatech_unicom_ui__icon1">9</icon_ofsset>

	<icon_ofsset name="com_sohu_inputmethod_sogou__logo">14</icon_ofsset>

	<icon_ofsset name="com_tencent_reading__icon">9</icon_ofsset>

	<icon_ofsset name="com_netease_newsreader_activity__icon">9</icon_ofsset>

	<icon_ofsset name="com_coohua_xinwenzhuan__ic_launcher">9</icon_ofsset>

	<icon_ofsset name="cn_mfxsqbyd_reader__icon">9</icon_ofsset>

	<icon_ofsset name="cn_etouch_ecalendar__icon">9</icon_ofsset>

	<icon_ofsset name="com_wenba_bangbang__ic_launcher">9</icon_ofsset>

	<icon_ofsset name="com_sohu_sohuvideo__launcher_sohu">9</icon_ofsset>

	<icon_ofsset name="com_shuqi_controller__icon">8</icon_ofsset>

	<icon_ofsset name="com_hpbr_bosszhipin__logo_unofficial">9</icon_ofsset>

	<icon_ofsset name="com_jxedt__app_logo">9</icon_ofsset>

	<icon_ofsset name="aofo_wnl__ic_launcher">5</icon_ofsset>

	<icon_ofsset name="com_handsgo_jiakao_android__mucang__ic_launcher">10</icon_ofsset>

	<icon_ofsset name="com_le123_ysdq__ic_launcher">10</icon_ofsset>

	<icon_ofsset name="com_cubic_autohome__ic_launcher">9</icon_ofsset>

	<icon_ofsset name="com_babycloud_hanju__ic_launcher">9</icon_ofsset>

	<icon_ofsset name="com_xiaomi_youpin__launcher">9</icon_ofsset>

	<icon_ofsset name="com_pingan_paces_ccms__icon">9</icon_ofsset>

	<icon_ofsset name="com_kuaikan_comic__ic_launcher">9</icon_ofsset>

	<icon_ofsset name="com_eg_android_alipaygphone__appicon">9</icon_ofsset>

	<icon_ofsset name="com_biquge_book_noverls__logo">4</icon_ofsset>

	<icon_ofsset name="com_huodao_hdphone__app_icon">10</icon_ofsset>

	<icon_ofsset name="com_sohu_newsclient__app_icon">9</icon_ofsset>

	<icon_ofsset name="wudi_opensudoku__videoicon">10</icon_ofsset>

	<icon_ofsset name="com_wifi_reader_free__a">10</icon_ofsset>

	<icon_ofsset name="com_hexin_plat_android__launcher_icon">9</icon_ofsset>

	<icon_ofsset name="com_meitu_meipaimv__ic_launcher">10</icon_ofsset>

	<icon_ofsset name="com_zaozuo_android__app_launcher">10</icon_ofsset>

	<icon_ofsset name="com_zhongduomei_rrmj_society__ic_launcher">10</icon_ofsset>

	<icon_ofsset name="com_estrongs_android_pop__fex">10</icon_ofsset>

	<icon_ofsset name="com_storm_smart__ic_launcher">9</icon_ofsset>

	<icon_ofsset name="com_mgyun_shua_su__ic_launcher">10</icon_ofsset>

	<icon_ofsset name="com_coderet_sms10010__icon">9</icon_ofsset>

	<icon_ofsset name="com_xunlei_downloadprovider__ic_launcher">9</icon_ofsset>

	<icon_ofsset name="com_xunmeng_pinduoduo__logo">9</icon_ofsset>

	<icon_ofsset name="com_achievo_vipshop__icon">9</icon_ofsset>

	<icon_ofsset name="com_zbx_ct_tvzhibo__tvphone_logo">23</icon_ofsset>

	<icon_ofsset name="com_nd_android_pandahome2__logo">10</icon_ofsset>

	<icon_ofsset name="cn_ibuka_manga_ui__icon">10</icon_ofsset>

	<icon_ofsset name="com_jjwxc_reader__ic_launcher">5</icon_ofsset>

	<icon_ofsset name="com_pengda_mobile_hhjz__daodao">9</icon_ofsset>

	<icon_ofsset name="com_qihoo_qeditor__ic_launcher_app">9</icon_ofsset>

	<icon_ofsset name="com_book2345_reader__icon">9</icon_ofsset>

	<icon_ofsset name="com_xiaobanlong_main__icon">9</icon_ofsset>

	<icon_ofsset name="com_qq_ac_android__ic_launcher">9</icon_ofsset>

	<icon_ofsset name="com_comic_manhuatai__ic_launcher">9</icon_ofsset>

	<icon_ofsset name="com_u17_comic_phone__icon_app_product">9</icon_ofsset>

	<icon_ofsset name="com_bilibili_comic__ic_launcher">9</icon_ofsset>

	<icon_ofsset name="com_weibo_comic__ic_launcher">9</icon_ofsset>

	<icon_ofsset name="com_ishugui__push">10</icon_ofsset>

	<icon_ofsset name="com_liansong_comic__ic_launcher">9</icon_ofsset>

	<icon_ofsset name="com_ztsoft_listenbook__icon1">9</icon_ofsset>

	<icon_ofsset name="com_zhangku_qukandian__app_icon">10</icon_ofsset>

	<icon_ofsset name="com_kanshu_ksgb_fastread_doudou__logo">9</icon_ofsset>

	<icon_ofsset name="com_mianfeinovel__icon">9</icon_ofsset>

	<icon_ofsset name="com_mfqbsc_reader__ic_launcher">9</icon_ofsset>

	<icon_ofsset name="com_mianfeia_book__logo">10</icon_ofsset>

	<icon_ofsset name="com_baojiazhijia_qichebaojia__mucang__ic_launcher">9</icon_ofsset>

	<icon_ofsset name="com_sdxh_sjxf__ic_launcher">24</icon_ofsset>
	
	<icon_ofsset name="com_sina_vcomic__push">6</icon_ofsset>

	<icon_ofsset name="guangdiangtong_caipu4__icon">6</icon_ofsset>

	<icon_ofsset name="com_greenpoint_android_mc10086_activity__app_launcher">2</icon_ofsset>

	<icon_ofsset name="com_letv_android_client__letv_icon">0</icon_ofsset>

	<icon_ofsset name="com_vsco_cam__ic_launcher">-3</icon_ofsset>

	<icon_ofsset name="com_iflytek_ringdiyclient__ic_launcher">-2</icon_ofsset>

	<icon_ofsset name="com_tencent_karaoke__ul">9</icon_ofsset>

	<icon_ofsset name="com_adobe_reader__acrobat_launcher">0</icon_ofsset>

	<icon_ofsset name="com_ting_mp3_android__icon">-5</icon_ofsset>

	<icon_ofsset name="com_mogujie__app_icon">9</icon_ofsset>

	<icon_ofsset name="com_jingdong_app_mall__a">9</icon_ofsset>

	<icon_ofsset name="com_lenovo_calendar__ic_launcher_calendar">5</icon_ofsset>

	<icon_ofsset name="com_zhihu_android__ic_launcher">9</icon_ofsset>
	<icon_ofsset name="com_zhihu_android__ic_share_to_message">12</icon_ofsset>
	<icon_ofsset name="com_zhihu_android__ic_share_to_feed">12</icon_ofsset>

	<icon_ofsset name="com_ig_fx__ic_app_launcher">-5</icon_ofsset>

	<icon_ofsset name="com_qihoo360_mobilesafe__d6">2</icon_ofsset>

	<icon_ofsset name="com_mianfeizs_book__logo">10</icon_ofsset>

	<icon_ofsset name="com_itcode_reader__ho">9</icon_ofsset>

	<icon_ofsset name="com_abifong_mfzsxs__ic_launcher">9</icon_ofsset>

	<icon_ofsset name="com_sogou_toptennews__ic_launcher">9</icon_ofsset>

	<icon_ofsset name="com_fljz_mfzs__push">9</icon_ofsset>

	<icon_ofsset name="com_netease_pris__ic_launcher_yuedu">9</icon_ofsset>

	<icon_ofsset name="com_ximalaya_tinghd_android__ting">9</icon_ofsset>

	<icon_ofsset name="cn_cntvnews__app_icon">10</icon_ofsset>

	<icon_ofsset name="com_luojilab_player__sb">10</icon_ofsset>

	<icon_ofsset name="com_xsmfdq__push">10</icon_ofsset>

	<icon_ofsset name="com_chaozh_ireader_dj__icon">9</icon_ofsset>

	<icon_ofsset name="com_wifi_reader__a">9</icon_ofsset>

	<icon_ofsset name="cn_com_sina_finance__icon">9</icon_ofsset>

	<icon_ofsset name="com_hsb_colaproduct__ic_launcher_normal">9</icon_ofsset>

	<icon_ofsset name="com_zengame_ttddzzrb_lenovo__ic_launcher">6</icon_ofsset>

	<icon_ofsset name="com_qileyx_hxddz_lenovo__icon_lauch">6</icon_ofsset>

	<icon_ofsset name="com_byhlz_byhlzwy_lenovo__icon">6</icon_ofsset>

	<icon_ofsset name="com_tocaboca_tocahairsalon3__app_icon">5</icon_ofsset>

	<icon_ofsset name="com_hnwhkj_ttbuyudaren_lenovo__app_icon">6</icon_ofsset>

	<icon_ofsset name="com_ztgame_bob__app_icon">7</icon_ofsset>

	<icon_ofsset name="com_happyelements_androidanimal__icon_new">7</icon_ofsset>

	<icon_ofsset name="com_moreshine_game_warheros_nmyz_emw_lenovo__icon">6</icon_ofsset>

	<icon_ofsset name="com_tianmashikong_qmqj_lenovo__ic_launcher">6</icon_ofsset>

	<icon_ofsset name="com_yaoji_yaojibuyuwy_lenovo__icon">5</icon_ofsset>

	<icon_ofsset name="com_wanmei_mini_dod_lenovo__ic_launcher">5</icon_ofsset>

	<icon_ofsset name="com_mfp_jelly_lenovo__ic_launcher">6</icon_ofsset>

	<icon_ofsset name="com_pokercity_tmgp_lenovo__icon">5</icon_ofsset>

	<icon_ofsset name="com_tencent_tmgp_wec__wec_icon">6</icon_ofsset>

	<icon_ofsset name="com_blackteastudio_battlegrounds__app_icon">3</icon_ofsset>

	<icon_ofsset name="com_fgol_lenovo__app_icon">5</icon_ofsset>

	<icon_ofsset name="funlight_com_game_sgqy_lenovo__ic_launcher">5</icon_ofsset>

	<icon_ofsset name="com_radical_huangshangjixiang_lenovo__ic_launcher">4</icon_ofsset>

	<icon_ofsset name="sh_lilith_dgame_lenovo__icon">6</icon_ofsset>

	<icon_ofsset name="com_bohaoo_ddz_lenovo__icon">6</icon_ofsset>

	<icon_ofsset name="com_lg_dldl_lenovo__app_icon">6</icon_ofsset>

	<icon_ofsset name="com_hoolai_dszq_lenovo__app_icon">7</icon_ofsset>

	<icon_ofsset name="onyuan_guandan_lenovo__app_icon">6</icon_ofsset>

	<icon_ofsset name="net_uuapps_play_majiang__majiang">7</icon_ofsset>

	<icon_ofsset name="com_wedobest_puzzlebubble_lenovo__app_icon">7</icon_ofsset>

	<icon_ofsset name="com_soulgame_slithersg_lenovo__icon">7</icon_ofsset>

	<icon_ofsset name="com_zhangzu_qpbydmg_lenovo__icon">7</icon_ofsset>

	<icon_ofsset name="com_snailgame_jyyd_lenovo__icon">6</icon_ofsset>

	<icon_ofsset name="com_pdragon_weiqi_lenovo__app_icon">5</icon_ofsset>

	<icon_ofsset name="com_jd_game_bubblezuma_lenovo__icon">6</icon_ofsset>

	<icon_ofsset name="com_wedobest_puzzlebo_lenovo__app_icon">5</icon_ofsset>

	<icon_ofsset name="com_joym_combatman_lenovo__icon">4</icon_ofsset>

	<icon_ofsset name="com_xxyx_union_lenovo__ic_launcher">6</icon_ofsset>

	<icon_ofsset name="com_duole_guandanhd_lenovo__icon">5</icon_ofsset>

	<icon_ofsset name="com_foxgame_xiaoxiaole_lenovo__icon">6</icon_ofsset>

	<icon_ofsset name="com_gamevil_colodefense_glo__ic_launcher">6</icon_ofsset>

	<icon_ofsset name="com_bilibili_fgo_lenovo__app_icon">5</icon_ofsset>

	<icon_ofsset name="com_tencent_xishanju_xj4__app_icon">4</icon_ofsset>

	<icon_ofsset name="com_mf_monsterblast_mob__ic_launcher">4</icon_ofsset>

	<icon_ofsset name="com_joym_legendhero_lenovo__icon">0</icon_ofsset>

	<icon_ofsset name="com_huale_justicearrive_lenovo__icon">4</icon_ofsset>

	<icon_ofsset name="com_wodidashi_wolf__ic_launcher">10</icon_ofsset>

	<icon_ofsset name="com_pdragon_qiuqiu_lenovo__app_icon">9</icon_ofsset>

	<icon_ofsset name="com_hero_sm_lenovo__ic_launcher">10</icon_ofsset>

	<icon_ofsset name="com_yyhd_happywolf__ic_launcher">8</icon_ofsset>

	<icon_ofsset name="com_netease_my_lenovo__ic_launcher">10</icon_ofsset>

	<icon_ofsset name="com_wedobest_feixingqi_lenovo__app_icon">11</icon_ofsset>

	<icon_ofsset name="com_fingertip_llk_lenovo__app_icon">3</icon_ofsset>

	<icon_ofsset name="com_ifuntimes_moxiao_lenovo__icon">5</icon_ofsset>

	<icon_ofsset name="com_yodo1_tew_lenovo__app_icon">10</icon_ofsset>

	<icon_ofsset name="com_gbits_atm_gl_wx__ic_launcher">2</icon_ofsset>

	<icon_ofsset name="com_netease_my_gl_wx__ic_launcher">2</icon_ofsset>

	<icon_ofsset name="com_tencent_tmgp_jxqy_gl_am__ic_launcher">2</icon_ofsset>

	<icon_ofsset name="com_zhangqu_game_tank3d_lenovo__app_icon">4</icon_ofsset>

	<icon_ofsset name="com_sogou_mobiletoolassist__ic_logo">2</icon_ofsset>

	<icon_ofsset name="com_aoaogame_game82__icon">3</icon_ofsset>

	<icon_ofsset name="com_doraemon_doraemonrepairshopseasons_bnn__icon">2</icon_ofsset>

	<icon_ofsset name="com_zui_wifip2p__iv_a2w">2</icon_ofsset>

	<icon_ofsset name="com_pmpd_dmap_lenovo__icon_launcher">10</icon_ofsset>

	<icon_ofsset name="com_lenovo_club_app__logo_1212">10</icon_ofsset>

	<icon_ofsset name="com_glgjing_marvel__icon_marvel">14</icon_ofsset>

	<icon_ofsset name="com_digibites_accubattery__ic_launcher">15</icon_ofsset>

	<icon_ofsset name="com_cpuid_cpu_z__ic_launcher">4</icon_ofsset>

	<icon_ofsset name="com_coolapk_autoinstaller__ic_launcher">12</icon_ofsset>

	<icon_ofsset name="com_chaozh_ireaderfreepad__icon">18</icon_ofsset>

	<icon_ofsset name="com_argus_camera__ic_logo_smartscanner">7</icon_ofsset>

</resources>
