<?xml version="1.0" encoding="utf-8"?>
<resources>

	<icon_ofsset name="default">9</icon_ofsset>

	<icon_ofsset name="com_google_android_apps_googlevoice__launcher_icon">10</icon_ofsset>
	<icon_ofsset name="com_google_android_googlecamera__logo_google_camera">15</icon_ofsset>

	<icon_ofsset name="com_microsoft_office_lync15__ic_sforb">15</icon_ofsset>
	<icon_ofsset name="com_microsoft_bing__aria_ic_launcher">18</icon_ofsset>
	<icon_ofsset name="com_microsoft_bites__app_icon">0</icon_ofsset>
	<icon_ofsset name="com_microsoft_office_powerpoint__ic_powerpoint">5</icon_ofsset>
	<icon_ofsset name="com_microsoft_office_onenote__icon">5</icon_ofsset>

	<icon_ofsset name="com_zui_cloudservice__ic_logo_round">10</icon_ofsset>

	<icon_ofsset name="com_androidesk__ic_launcher">16</icon_ofsset>

	<icon_ofsset name="com_sohu_inputmethod_sogou__logo">15</icon_ofsset>

	<icon_ofsset name="com_tencent_mobileqq__hcw">12</icon_ofsset>
	<icon_ofsset name="com_tencent_mobileqq__qfile_dataline_pc_recent">-4</icon_ofsset>
	<icon_ofsset name="com_tencent_mobileqq__vpg">-2</icon_ofsset>
	<icon_ofsset name="com_tencent_qqlite__icon">12</icon_ofsset>
	<icon_ofsset name="com_tencent_qqmusic__parenting_shortcut_icon">12</icon_ofsset>
	<icon_ofsset name="com_tencent_qqmusic__b">12</icon_ofsset>
	<icon_ofsset name="com_tencent_mobileqq__vxy">-6</icon_ofsset>

	<icon_ofsset name="com_baidu_input__icon">12</icon_ofsset>
	<icon_ofsset name="com_baidu_searchbox_lite__icon">8</icon_ofsset>
	<icon_ofsset name="com_baidu_video__ic_launcher">10</icon_ofsset>

	<icon_ofsset name="com_xunlei_downloadprovider__ic_launcher">8</icon_ofsset>

	<icon_ofsset name="com_sohu_sohuvideo__launcher_sohu">10</icon_ofsset>

	<icon_ofsset name="com_kugou_android__a0s">9</icon_ofsset>

	<icon_ofsset name="com_ushaqi_zhuishushenqi_adfree__ic_launcher">10</icon_ofsset>

	<icon_ofsset name="com_browser2345__ic_launcher">15</icon_ofsset>

	<icon_ofsset name="cmb_pb__icon">12</icon_ofsset>

	<icon_ofsset name="com_mt_mtxx_mtxx__mtxx_logo">12</icon_ofsset>

	<icon_ofsset name="com_smile_gifmaker__kwai_icon">10</icon_ofsset>

	<icon_ofsset name="com_backdrops_wallpapers__theme_icon">15</icon_ofsset>

	<icon_ofsset name="com_cubic_autohome__ic_launcher">10</icon_ofsset>

	<icon_ofsset name="com_ganji_android__wb_new_icon">10</icon_ofsset>

	<icon_ofsset name="com_smartisan_clock__icon">16</icon_ofsset>

	<icon_ofsset name="com_tencent_qt_sns__app_logo">-2</icon_ofsset>
	<icon_ofsset name="com_tencent_research_drop__icon">18</icon_ofsset>
	<icon_ofsset name="com_tencent_zebra__ic_launcher">10</icon_ofsset>
	<icon_ofsset name="com_tencent_powermanager__icon_80">18</icon_ofsset>
	<icon_ofsset name="com_tencent_qqlauncher__launcher_ic_shortcut_clean_memory_v2">18</icon_ofsset>
	<icon_ofsset name="com_tencent_qqlauncher__launcher_ic_home">18</icon_ofsset>
	<icon_ofsset name="com_tencent_launcher__launcher_ic_shortcut_clean_memory_v2">18</icon_ofsset>
	<icon_ofsset name="com_tencent_launcher__launcher_ic_shortcut_tool_folder">18</icon_ofsset>
	<icon_ofsset name="com_tencent_launcher__launcher_ic_home">18</icon_ofsset>
	<icon_ofsset name="com_tencent_qqpimsecure__icon">8</icon_ofsset>

	<icon_ofsset name="com_chenupt_text__b">15</icon_ofsset>

	<icon_ofsset name="com_catchingnow_tinyclipboardmanager__ic_launcher">7</icon_ofsset>

	<icon_ofsset name="com_xfplay_play__icon">18</icon_ofsset>

	<icon_ofsset name="sogou_mobile_explorer__ic_launcher_browser">16</icon_ofsset>

	<icon_ofsset name="com_lbe_security__ic_clean_shortcut">16</icon_ofsset>
	<icon_ofsset name="com_lbe_security__12o">16</icon_ofsset>

	<icon_ofsset name="com_shuame_rootgenius__app_ico">15</icon_ofsset>

	<icon_ofsset name="com_nd_android_pandahome2__logo">15</icon_ofsset>

	<icon_ofsset name="com_gau_go_launcherex__icon">18</icon_ofsset>

	<icon_ofsset name="com_lx_launcher__ic_launcher">6</icon_ofsset>

	<icon_ofsset name="com_lenovo_launcher_theme_polarlighte2e__ic_launcher">16</icon_ofsset>
	<icon_ofsset name="com_lenovo_launcher_theme_washpaintinge2e__ic_launcher">16</icon_ofsset>
	<icon_ofsset name="com_lenovo_gameworldphone__ic_launcher">12</icon_ofsset>

	<icon_ofsset name="com_androidesk_livewallpaper__ic_launcher">15</icon_ofsset>

	<icon_ofsset name="com_qo_android_am3__qo_main">6</icon_ofsset>

	<icon_ofsset name="com_taobao_ju_android__ic_jhs_launcher">0</icon_ofsset>

	<icon_ofsset name="com_simtrons_dance__ic_launcher">0</icon_ofsset>

	<icon_ofsset name="it_beppi_easystepcounter__ic_launcher">0</icon_ofsset>

	<icon_ofsset name="ru_zdevs_zarchiver__ic_launcher">15</icon_ofsset>

	<icon_ofsset name="com_baidu_homework__ic_launcher">6</icon_ofsset>

	<icon_ofsset name="com_qihoo360_mobilesafe__dk">16</icon_ofsset>

	<icon_ofsset name="com_google_earth__product_logo_earth_launcher_color_48">16</icon_ofsset>

	<icon_ofsset name="ru_yvs__ic_launcher">18</icon_ofsset>

	<icon_ofsset name="com_meizu_flyme_flymebbs__kx">18</icon_ofsset>

	<icon_ofsset name="com_vmall_client__logo3_0">0</icon_ofsset>

	<icon_ofsset name="com_sharpregion_tapet__icon_main">16</icon_ofsset>

	<icon_ofsset name="com_wear_fantasy__ic_launcher">18</icon_ofsset>

	<icon_ofsset name="com_secretlisa_beidanci__ic_launcher">18</icon_ofsset>

	<icon_ofsset name="com_android_deskclock__ic_launcher_clockjb">15</icon_ofsset>

	<icon_ofsset name="com_adobe_air__icon">6</icon_ofsset>

	<icon_ofsset name="com_alensw_picfolder__icon">8</icon_ofsset>

	<icon_ofsset name="com_mci_smagazine__a">2</icon_ofsset>

	<icon_ofsset name="com_julanling_app__ic_launcher">3</icon_ofsset>

	<icon_ofsset name="com_fihtdc_note__note_icon">2</icon_ofsset>

	<icon_ofsset name="com_app96_android__ic_launcher">2</icon_ofsset>

	<icon_ofsset name="com_duapps_recorder__durec_ic_launcher">2</icon_ofsset>

	<icon_ofsset name="com_evernote__ic_launcher">2</icon_ofsset>

	<icon_ofsset name="com_sinovatech_unicom_ui__icon1">10</icon_ofsset>

	<icon_ofsset name="com_explore_web_browser__ic_launcher">15</icon_ofsset>

	<icon_ofsset name="com_mirageengine_tv_xxtbkt__uz_icon">3</icon_ofsset>

	<icon_ofsset name="com_biquge_book_noverls__logo">18</icon_ofsset>

	<icon_ofsset name="com_tiantian_android_player__tp_icon">18</icon_ofsset>

	<icon_ofsset name="com_ios8_duotuo__ic_launcher">18</icon_ofsset>

	<icon_ofsset name="com_samoyed_credit__ic_launcher">18</icon_ofsset>

	<icon_ofsset name="com_excelliance_dualaid__icon">20</icon_ofsset>

	<icon_ofsset name="com_huichao_notepad__ic_launcher">2</icon_ofsset>

	<icon_ofsset name="cn_com_opda_android_clearmaster__icon">2</icon_ofsset>

	<icon_ofsset name="com_zhihu_android__ic_share_to_message">-6</icon_ofsset>
	<icon_ofsset name="com_zhihu_android__ic_share_to_feed">-6</icon_ofsset>

	<icon_ofsset name="net_jingbz_dkapp__ic_launcher">18</icon_ofsset>

	<icon_ofsset name="aofo_wnl__ic_launcher">-2</icon_ofsset>

	<icon_ofsset name="com_cubic_autohome__ic_launcher">8</icon_ofsset>

	<icon_ofsset name="com_zbx_ct_tvzhibo__tvphone_logo">11</icon_ofsset>

	<icon_ofsset name="com_browser2345__ic_launcher">15</icon_ofsset>

	<icon_ofsset name="com_qihoo360_mobilesafe__d6">18</icon_ofsset>

	<icon_ofsset name="com_ximalaya_tinghd_android__ting">10</icon_ofsset>

	<icon_ofsset name="cn_cntvnews__app_icon">8</icon_ofsset>

	<icon_ofsset name="com_xsmfdq__push">11</icon_ofsset>

	<icon_ofsset name="cn_com_sina_finance__icon">8</icon_ofsset>

	<icon_ofsset name="com_hsb_colaproduct__ic_launcher_normal">8</icon_ofsset>

	<icon_ofsset name="com_zengame_ttddzzrb_lenovo__ic_launcher">6</icon_ofsset>

	<icon_ofsset name="com_qileyx_hxddz_lenovo__icon_lauch">9</icon_ofsset>

	<icon_ofsset name="com_byhlz_byhlzwy_lenovo__icon">6</icon_ofsset>

	<icon_ofsset name="com_tocaboca_tocahairsalon3__app_icon">9</icon_ofsset>

	<icon_ofsset name="com_hnwhkj_ttbuyudaren_lenovo__app_icon">9</icon_ofsset>

	<icon_ofsset name="com_ztgame_bob__app_icon">8</icon_ofsset>

	<icon_ofsset name="com_happyelements_androidanimal__icon_new">9</icon_ofsset>

	<icon_ofsset name="com_moreshine_game_warheros_nmyz_emw_lenovo__icon">9</icon_ofsset>

	<icon_ofsset name="com_tianmashikong_qmqj_lenovo__ic_launcher">6</icon_ofsset>

	<icon_ofsset name="com_yaoji_yaojibuyuwy_lenovo__icon">5</icon_ofsset>

	<icon_ofsset name="com_wanmei_mini_dod_lenovo__ic_launcher">5</icon_ofsset>

	<icon_ofsset name="com_mfp_jelly_lenovo__ic_launcher">5</icon_ofsset>

	<icon_ofsset name="com_pokercity_tmgp_lenovo__icon">7</icon_ofsset>

	<icon_ofsset name="com_tencent_tmgp_wec__wec_icon">8</icon_ofsset>

	<icon_ofsset name="com_blackteastudio_battlegrounds__app_icon">8</icon_ofsset>

	<icon_ofsset name="com_fgol_lenovo__app_icon">9</icon_ofsset>

	<icon_ofsset name="funlight_com_game_sgqy_lenovo__ic_launcher">8</icon_ofsset>

	<icon_ofsset name="com_radical_huangshangjixiang_lenovo__ic_launcher">5</icon_ofsset>

	<icon_ofsset name="sh_lilith_dgame_lenovo__icon">6</icon_ofsset>

	<icon_ofsset name="com_bohaoo_ddz_lenovo__icon">7</icon_ofsset>

	<icon_ofsset name="com_lg_dldl_lenovo__app_icon">6</icon_ofsset>

	<icon_ofsset name="com_hoolai_dszq_lenovo__app_icon">7</icon_ofsset>

	<icon_ofsset name="onyuan_guandan_lenovo__app_icon">6</icon_ofsset>

	<icon_ofsset name="net_uuapps_play_majiang__majiang">9</icon_ofsset>

	<icon_ofsset name="com_wedobest_puzzlebubble_lenovo__app_icon">8</icon_ofsset>

	<icon_ofsset name="com_soulgame_slithersg_lenovo__icon">6</icon_ofsset>

	<icon_ofsset name="com_zhangzu_qpbydmg_lenovo__icon">5</icon_ofsset>

	<icon_ofsset name="com_snailgame_jyyd_lenovo__icon">6</icon_ofsset>

	<icon_ofsset name="com_pdragon_weiqi_lenovo__app_icon">6</icon_ofsset>

	<icon_ofsset name="com_jd_game_bubblezuma_lenovo__icon">6</icon_ofsset>

	<icon_ofsset name="com_wedobest_puzzlebo_lenovo__app_icon">5</icon_ofsset>

	<icon_ofsset name="com_joym_combatman_lenovo__icon">4</icon_ofsset>

	<icon_ofsset name="com_xxyx_union_lenovo__ic_launcher">5</icon_ofsset>

	<icon_ofsset name="com_duole_guandanhd_lenovo__icon">4</icon_ofsset>

	<icon_ofsset name="com_foxgame_xiaoxiaole_lenovo__icon">8</icon_ofsset>

	<icon_ofsset name="com_gamevil_colodefense_glo__ic_launcher">6</icon_ofsset>

	<icon_ofsset name="com_bilibili_fgo_lenovo__app_icon">9</icon_ofsset>

	<icon_ofsset name="com_tencent_xishanju_xj4__app_icon">6</icon_ofsset>

	<icon_ofsset name="com_mf_monsterblast_mob__ic_launcher">5</icon_ofsset>

	<icon_ofsset name="com_joym_legendhero_lenovo__icon">5</icon_ofsset>

	<icon_ofsset name="com_huale_justicearrive_lenovo__icon">6</icon_ofsset>

	<icon_ofsset name="com_wodidashi_wolf__ic_launcher">9</icon_ofsset>

	<icon_ofsset name="com_pdragon_qiuqiu_lenovo__app_icon">9</icon_ofsset>

	<icon_ofsset name="com_hero_sm_lenovo__ic_launcher">9</icon_ofsset>

	<icon_ofsset name="com_yyhd_happywolf__ic_launcher">6</icon_ofsset>

	<icon_ofsset name="com_netease_my_lenovo__ic_launcher">9</icon_ofsset>

	<icon_ofsset name="com_wedobest_feixingqi_lenovo__app_icon">7</icon_ofsset>

	<icon_ofsset name="com_fingertip_llk_lenovo__app_icon">3</icon_ofsset>

	<icon_ofsset name="com_ifuntimes_moxiao_lenovo__icon">5</icon_ofsset>

	<icon_ofsset name="com_yodo1_tew_lenovo__app_icon">9</icon_ofsset>

	<icon_ofsset name="com_gbits_atm_gl_wx__ic_launcher">8</icon_ofsset>

	<icon_ofsset name="com_netease_my_gl_wx__ic_launcher">8</icon_ofsset>

	<icon_ofsset name="com_tencent_tmgp_jxqy_gl_am__ic_launcher">8</icon_ofsset>

	<icon_ofsset name="com_zhangqu_game_tank3d_lenovo__app_icon">12</icon_ofsset>

	<icon_ofsset name="com_sogou_mobiletoolassist__ic_logo">3</icon_ofsset>

	<icon_ofsset name="com_aoaogame_game82__icon">4</icon_ofsset>

	<icon_ofsset name="com_doraemon_doraemonrepairshopseasons_bnn__icon">4</icon_ofsset>

	<icon_ofsset name="com_zui_wifip2p__iv_a2w">20</icon_ofsset>

	<icon_ofsset name="com_pmpd_dmap_lenovo__icon_launcher">13</icon_ofsset>

	<icon_ofsset name="com_glgjing_marvel__icon_marvel">18</icon_ofsset>

	<icon_ofsset name="com_digibites_accubattery__ic_launcher">15</icon_ofsset>

	<icon_ofsset name="com_lenovo_club_app__logo_1212">11</icon_ofsset>

	<icon_ofsset name="com_coolapk_autoinstaller__ic_launcher">17</icon_ofsset>

	<icon_ofsset name="com_keji_lelink2__icon_red">9</icon_ofsset>

	<icon_ofsset name="com_lenovo_danale_camera__ic_logo">8</icon_ofsset>

	<icon_ofsset name="cn_com_bmac_nfc__ic_launcher">7</icon_ofsset>

	<icon_ofsset name="com_jionl_lenovo_ishare_chy__icon">12</icon_ofsset>

	<icon_ofsset name="com_lenovo_thirdparty__ic_launcher">11</icon_ofsset>

</resources>
