<?xml version="1.0" encoding="utf-8"?>
<resources>

	<icon_ofsset name="default">5</icon_ofsset>

	<icon_ofsset name="com_google_android_inputmethod_pinyin__app_icon">12</icon_ofsset>
	<icon_ofsset name="com_google_android_googlequicksearchbox__ic_launcher_voicesearch">13</icon_ofsset>
	<icon_ofsset name="com_google_android_googlequicksearchbox__ic_launcher_google_search">0</icon_ofsset>
	<icon_ofsset name="com_google_android_googlequicksearchbox__sound_id_widget_normal">15</icon_ofsset>
	<icon_ofsset name="com_google_android_apps_handwriting_ime__quantum_logo_keyboard_stylus_color_48">12</icon_ofsset>
	<icon_ofsset name="com_google_android_youtube__ic_launcher">0</icon_ofsset>
	<icon_ofsset name="com_google_earth__product_logo_earth_launcher_color_48">10</icon_ofsset>

	<icon_ofsset name="com_microsoft_office_lync15__ic_sforb">12</icon_ofsset>
	<icon_ofsset name="com_microsoft_office_word__word">-2</icon_ofsset>
	<icon_ofsset name="com_microsoft_office_excel__ic_excel">-2</icon_ofsset>
	<icon_ofsset name="com_microsoft_office_powerpoint__ic_powerpoint">-2</icon_ofsset>
	<icon_ofsset name="com_microsoft_office_onenote__icon">-2</icon_ofsset>
	<icon_ofsset name="com_microsoft_rdc_android__icon">-2</icon_ofsset>
	<icon_ofsset name="com_microsoft_bing__aria_ic_launcher">15</icon_ofsset>
	<icon_ofsset name="com_microsoft_bites__app_icon">-4</icon_ofsset>

	<icon_ofsset name="com_motorola_omni__ic_launcher">12</icon_ofsset>
	<icon_ofsset name="com_motorola_dolby_dolbyui__ic_launcher_ds1">12</icon_ofsset>

	<icon_ofsset name="com_lenovo_shipin__ic_launcher">15</icon_ofsset>
	<icon_ofsset name="com_lenovo_launcher_theme_washpaintinge2e__ic_launcher">12</icon_ofsset>
	<icon_ofsset name="com_lenovo_launcher_theme_polarlighte2e__ic_launcher">12</icon_ofsset>
	<icon_ofsset name="com_lenovo_hyperengine__ic_launcher">5</icon_ofsset>

	<icon_ofsset name="com_tencent_research_drop__icon">15</icon_ofsset>
	<icon_ofsset name="com_tencent_qt_sns__app_logo">-5</icon_ofsset>
	<icon_ofsset name="com_tencent_launcher__launcher_ic_home">15</icon_ofsset>
	<icon_ofsset name="com_tencent_powermanager__icon_80">15</icon_ofsset>
	<icon_ofsset name="com_tencent_qqlauncher__launcher_ic_home">15</icon_ofsset>
	<icon_ofsset name="com_tencent_news__a">-2</icon_ofsset>
	<icon_ofsset name="com_tencent_mobileqq__qfile_dataline_pc_recent">-6</icon_ofsset>
	<icon_ofsset name="com_tencent_mobileqq__vpg">-6</icon_ofsset>
	<icon_ofsset name="com_tencent_mobileqq__vxy">-6</icon_ofsset>

	<icon_ofsset name="com_qihoo360_mobilesafe__fa">15</icon_ofsset>
	<icon_ofsset name="com_qihoo360_mobilesafe__dk">13</icon_ofsset>

	<icon_ofsset name="sogou_mobile_explorer__ic_launcher_browser">13</icon_ofsset>

	<icon_ofsset name="com_androidesk__ic_launcher">15</icon_ofsset>

	<icon_ofsset name="com_xfplay_play__icon">15</icon_ofsset>

	<icon_ofsset name="com_tiantian_android_player__tp_icon">15</icon_ofsset>

	<!-- <icon_ofsset name="com_mxtech_videoplayer_ad__icon">12</icon_ofsset> -->

	<icon_ofsset name="com_duomi_android__icon">15</icon_ofsset>

	<icon_ofsset name="cn_mozilla_firefox__icon">15</icon_ofsset>

	<icon_ofsset name="com_smartisan_notes__notes_launcher">15</icon_ofsset>

	<!-- <icon_ofsset name="net_xmind_doughnut__ic_launcher">12</icon_ofsset> -->

	<icon_ofsset name="com_chartcross_gpstest__icon">15</icon_ofsset>

	<icon_ofsset name="ru_zdevs_zarchiver__ic_launcher">15</icon_ofsset>

	<icon_ofsset name="com_excelliance_dualaid__icon">15</icon_ofsset>

	<icon_ofsset name="com_android_deskclock__ic_launcher_clockjb">12</icon_ofsset>

	<icon_ofsset name="com_samoyed_credit__ic_launcher">15</icon_ofsset>

	<icon_ofsset name="com_winner_simulatetrade__icon">12</icon_ofsset>

	<icon_ofsset name="com_androidesk_livewallpaper__ic_launcher">12</icon_ofsset>

	<icon_ofsset name="com_nd_android_pandahome2__logo">15</icon_ofsset>

	<icon_ofsset name="com_gau_go_launcherex__icon">15</icon_ofsset>

	<icon_ofsset name="com_ios8_duotuo__ic_launcher">15</icon_ofsset>

	<icon_ofsset name="com_sharpregion_tapet__icon_main">12</icon_ofsset>

	<icon_ofsset name="com_lx_launcher__ic_launcher">12</icon_ofsset>

	<icon_ofsset name="com_secretlisa_beidanci__ic_launcher">12</icon_ofsset>

	<icon_ofsset name="com_wear_fantasy__ic_launcher">12</icon_ofsset>

	<icon_ofsset name="com_sohu_inputmethod_sogou__logo">12</icon_ofsset>

	<icon_ofsset name="com_shuame_rootgenius__app_ico">12</icon_ofsset>

	<icon_ofsset name="com_lbe_security__12o">15</icon_ofsset>

	<icon_ofsset name="com_biquge_book_noverls__logo">15</icon_ofsset>

	<icon_ofsset name="ru_yvs__ic_launcher">15</icon_ofsset>

	<icon_ofsset name=" it_beppi_easystepcounter__ic_launcher">-5</icon_ofsset>

	<icon_ofsset name="com_fansapk_manager_font__ic_launcher">2</icon_ofsset>

	<icon_ofsset name="com_aibang_nextbus__icon">-5</icon_ofsset>

	<icon_ofsset name="com_adobe_reader__acrobat_dc_android">-7</icon_ofsset>

	<icon_ofsset name="com_alensw_picfolder__icon">0</icon_ofsset>

	<icon_ofsset name="com_vmall_client__logo3_0">0</icon_ofsset>

	<icon_ofsset name="com_taobao_ju_android__ic_jhs_launcher">-7</icon_ofsset>

	<icon_ofsset name="com_douban_movie__ic_movie_launcher">2</icon_ofsset>

	<icon_ofsset name="com_omesoft_hypnotherapist__ic_launcher">0</icon_ofsset>

	<icon_ofsset name="com_simtrons_dance__ic_launcher">-7</icon_ofsset>

	<icon_ofsset name="com_sec_android_app_shealth__s_health_icon">0</icon_ofsset>

	<icon_ofsset name="com_app96_android__ic_launcher">-7</icon_ofsset>

	<icon_ofsset name="com_fihtdc_note__note_icon">-7</icon_ofsset>.-

	<icon_ofsset name="com_julanling_app__ic_launcher">0</icon_ofsset>

	<icon_ofsset name="com_huichao_notepad__ic_launcher">-4</icon_ofsset>

	<icon_ofsset name="com_duapps_recorder__durec_ic_launcher">-7</icon_ofsset>

	<icon_ofsset name="com_nextdev_alarm__ic_launcher">0</icon_ofsset>

	<icon_ofsset name="com_anddoes_launcher__ic_launcher_home">-5</icon_ofsset>

	<icon_ofsset name="telecom_mdesk__common_res_ic_launcher_home">-5</icon_ofsset>

	<icon_ofsset name="com_smartisanos_home__launcher_icon">-5</icon_ofsset>

	<icon_ofsset name="com_adobe_air__icon">2</icon_ofsset>

	<icon_ofsset name="cn_com_opda_android_clearmaster__icon">-2</icon_ofsset>

	<icon_ofsset name="com_gotokeep_keep__ic_launcher_adaptive">-4</icon_ofsset>

	<icon_ofsset name="com_funshion_video_mobile__icon">2</icon_ofsset>

	<icon_ofsset name="com_xvideostudio_videoeditor__ic_launcher">2</icon_ofsset>

	<icon_ofsset name="mobi_weibu_app_pedometer__ic_launcher">-3</icon_ofsset>

	<icon_ofsset name="com_runtastic_android_pro2__">-2</icon_ofsset>

	<icon_ofsset name="com_entgroup__ic_launcher">-2</icon_ofsset>

	<icon_ofsset name="com_qtjianshen_main__ic_launcher">-2</icon_ofsset>

	<icon_ofsset name="com_garmin_android_apps_gccm__ic_launcher">2</icon_ofsset>

	<icon_ofsset name="com_kct_fundo_btnotification__ic_launcher">2</icon_ofsset>

	<icon_ofsset name="com_runtastic_android_sixpack_lite__	 ">-7</icon_ofsset>

	<icon_ofsset name="com_tmri_app_main__ic_launcher">-2</icon_ofsset>

	<icon_ofsset name="com_qihoo_magic__app_icon">-2</icon_ofsset>

	<icon_ofsset name="com_cloudsynch_wifihelper__app_icon">-4</icon_ofsset>

	<icon_ofsset name="com_calendar_ui__icon">-2</icon_ofsset>

	<icon_ofsset name="com_ifeimo_videoeditor__icon_1024">-2</icon_ofsset>

	<icon_ofsset name="com_hema_stock__ic_launcher">-2</icon_ofsset>

	<icon_ofsset name="com_jd_smart__app_icon">-2</icon_ofsset>

	<icon_ofsset name="com_feiniaokc_fc__ic_launcher">-2</icon_ofsset>

	<icon_ofsset name="com_cib_cibmb__icon">-2</icon_ofsset>

	<icon_ofsset name="com_ijinshan_duba__main_icon">-2</icon_ofsset>

	<icon_ofsset name="com_evernote__ic_launcher">-7</icon_ofsset>

	<icon_ofsset name="mobi_thinkchange_android_tinyapp_flashlight__ic_launcher">2</icon_ofsset>

	<icon_ofsset name="com_smartisan_clock__icon">14</icon_ofsset>
	<icon_ofsset name="com_smartisan_email__ic_launcher_mail">0</icon_ofsset>

	<icon_ofsset name="com_estrongs_android_pop__fex">3</icon_ofsset>

	<icon_ofsset name="com_chartcross_gpstestplus__icon">15</icon_ofsset>


	<icon_ofsset name="com_mci_smagazine__a">-2</icon_ofsset>

	<icon_ofsset name="com_runtastic_android_heartrate_lite__">2</icon_ofsset>

	<icon_ofsset name="it_beppi_easystepcounter__ic_launcher">-4</icon_ofsset>

	<icon_ofsset name="com_runtastic_android_heartrate_lite__ 	 ">-2</icon_ofsset>

	<icon_ofsset name="com_meizu_store__icon">0</icon_ofsset>
	<icon_ofsset name="com_meizu_flyme_flymebbs__kx">15</icon_ofsset>
	<icon_ofsset name="com_meizu_notes__ic_launcher_notepaper">2</icon_ofsset>

	<icon_ofsset name="com_browser2345__ic_launcher">10</icon_ofsset>

	<icon_ofsset name="com_backdrops_wallpapers__theme_icon">10</icon_ofsset>

	<icon_ofsset name="com_explore_web_browser__ic_launcher">12</icon_ofsset>

	<icon_ofsset name="com_qo_android_am3__qo_main">2</icon_ofsset>

	<icon_ofsset name="com_android_chrome__ic_launcher">0</icon_ofsset>

	<icon_ofsset name="com_zhihu_android__ic_share_to_message">-6</icon_ofsset>
	<icon_ofsset name="com_zhihu_android__ic_share_to_feed">-6</icon_ofsset>

	<icon_ofsset name="net_daum_android_solcalendar__icon">9</icon_ofsset>

	<icon_ofsset name="com_youdao_translator__ic_launcher">8</icon_ofsset>

	<icon_ofsset name="aofo_wnl__ic_launcher">8</icon_ofsset>

	<icon_ofsset name="com_jjwxc_reader__ic_launcher">2</icon_ofsset>

	<icon_ofsset name="com_sina_vcomic__push">3</icon_ofsset>

	<icon_ofsset name="com_ig_fx__ic_app_launcher">0</icon_ofsset>

	<icon_ofsset name="com_ting_mp3_android__icon">0</icon_ofsset>

	<icon_ofsset name="com_adobe_reader__acrobat_launcher">0</icon_ofsset>

	<icon_ofsset name="com_vsco_cam__ic_launcher">0</icon_ofsset>

	<icon_ofsset name="com_letv_android_client__letv_icon">0</icon_ofsset>

	<icon_ofsset name="com_qihoo360_mobilesafe__d6">11</icon_ofsset>

	<icon_ofsset name="com_xsmfdq__push">8</icon_ofsset>

	<icon_ofsset name="com_zengame_ttddzzrb_lenovo__ic_launcher">3</icon_ofsset>

	<icon_ofsset name="com_byhlz_byhlzwy_lenovo__icon">4</icon_ofsset>

	<icon_ofsset name="com_tocaboca_tocahairsalon3__app_icon">3</icon_ofsset>

	<icon_ofsset name="com_hnwhkj_ttbuyudaren_lenovo__app_icon">3</icon_ofsset>

	<icon_ofsset name="com_ztgame_bob__app_icon">2</icon_ofsset>

	<icon_ofsset name="com_happyelements_androidanimal__icon_new">3</icon_ofsset>

	<icon_ofsset name="com_moreshine_game_warheros_nmyz_emw_lenovo__icon">4</icon_ofsset>

	<icon_ofsset name="com_tianmashikong_qmqj_lenovo__ic_launcher">3</icon_ofsset>

	<icon_ofsset name="com_yaoji_yaojibuyuwy_lenovo__icon">3</icon_ofsset>

	<icon_ofsset name="com_wanmei_mini_dod_lenovo__ic_launcher">3</icon_ofsset>

	<icon_ofsset name="com_mfp_jelly_lenovo__ic_launcher">2</icon_ofsset>

	<icon_ofsset name="com_pokercity_tmgp_lenovo__icon">3</icon_ofsset>

	<icon_ofsset name="com_tencent_tmgp_wec__wec_icon">5</icon_ofsset>

	<icon_ofsset name="com_blackteastudio_battlegrounds__app_icon">1</icon_ofsset>

	<icon_ofsset name="com_fgol_lenovo__app_icon">3</icon_ofsset>

	<icon_ofsset name="funlight_com_game_sgqy_lenovo__ic_launcher">2</icon_ofsset>

	<icon_ofsset name="com_radical_huangshangjixiang_lenovo__ic_launcher">4</icon_ofsset>

	<icon_ofsset name="sh_lilith_dgame_lenovo__icon">4</icon_ofsset>

	<icon_ofsset name="com_bohaoo_ddz_lenovo__icon">4</icon_ofsset>

	<icon_ofsset name="com_lg_dldl_lenovo__app_icon">4</icon_ofsset>

	<icon_ofsset name="com_hoolai_dszq_lenovo__app_icon">2</icon_ofsset>

	<icon_ofsset name="onyuan_guandan_lenovo__app_icon">3</icon_ofsset>

	<icon_ofsset name="net_uuapps_play_majiang__majiang">6</icon_ofsset>

	<icon_ofsset name="com_wedobest_puzzlebubble_lenovo__app_icon">4</icon_ofsset>

	<icon_ofsset name="com_soulgame_slithersg_lenovo__icon">4</icon_ofsset>

	<icon_ofsset name="com_zhangzu_qpbydmg_lenovo__icon">3</icon_ofsset>

	<icon_ofsset name="com_snailgame_jyyd_lenovo__icon">4</icon_ofsset>

	<icon_ofsset name="com_pdragon_weiqi_lenovo__app_icon">4</icon_ofsset>

	<icon_ofsset name="com_jd_game_bubblezuma_lenovo__icon">4</icon_ofsset>

	<icon_ofsset name="com_wedobest_puzzlebo_lenovo__app_icon">3</icon_ofsset>

	<icon_ofsset name="com_joym_combatman_lenovo__icon">2</icon_ofsset>

	<icon_ofsset name="com_xxyx_union_lenovo__ic_launcher">4</icon_ofsset>

	<icon_ofsset name="com_duole_guandanhd_lenovo__icon">2</icon_ofsset>

	<icon_ofsset name="com_foxgame_xiaoxiaole_lenovo__icon">5</icon_ofsset>

	<icon_ofsset name="com_gamevil_colodefense_glo__ic_launcher">4</icon_ofsset>

	<icon_ofsset name="com_bilibili_fgo_lenovo__app_icon">4</icon_ofsset>

	<icon_ofsset name="com_tencent_xishanju_xj4__app_icon">4</icon_ofsset>

	<icon_ofsset name="com_mf_monsterblast_mob__ic_launcher">2</icon_ofsset>

	<icon_ofsset name="com_joym_legendhero_lenovo__icon">0</icon_ofsset>

	<icon_ofsset name="com_huale_justicearrive_lenovo__icon">4</icon_ofsset>

	<icon_ofsset name="com_wodidashi_wolf__ic_launcher">5</icon_ofsset>

	<icon_ofsset name="com_pdragon_qiuqiu_lenovo__app_icon">5</icon_ofsset>

	<icon_ofsset name="com_hero_sm_lenovo__ic_launcher">5</icon_ofsset>

	<icon_ofsset name="com_yyhd_happywolf__ic_launcher">2</icon_ofsset>

	<icon_ofsset name="com_netease_my_lenovo__ic_launcher">5</icon_ofsset>

	<icon_ofsset name="com_wedobest_feixingqi_lenovo__app_icon">5</icon_ofsset>

	<icon_ofsset name="com_fingertip_llk_lenovo__app_icon">0</icon_ofsset>

	<icon_ofsset name="com_ifuntimes_moxiao_lenovo__icon">3</icon_ofsset>

	<icon_ofsset name="com_yodo1_tew_lenovo__app_icon">5</icon_ofsset>

	<icon_ofsset name="com_gbits_atm_gl_wx__ic_launcher">-1</icon_ofsset>

	<icon_ofsset name="com_netease_my_gl_wx__ic_launcher">-1</icon_ofsset>

	<icon_ofsset name="com_tencent_tmgp_jxqy_gl_am__ic_launcher">0</icon_ofsset>

	<icon_ofsset name="com_zhangqu_game_tank3d_lenovo__app_icon">2</icon_ofsset>

	<icon_ofsset name="com_sogou_mobiletoolassist__ic_logo">0</icon_ofsset>

	<icon_ofsset name="com_aoaogame_game82__icon">0</icon_ofsset>

	<icon_ofsset name="com_doraemon_doraemonrepairshopseasons_bnn__icon">0</icon_ofsset>

	<icon_ofsset name="com_zui_wifip2p__iv_a2w">15</icon_ofsset>

	<icon_ofsset name="com_glgjing_marvel__icon_marvel">11</icon_ofsset>

	<icon_ofsset name="com_digibites_accubattery__ic_launcher">10</icon_ofsset>

	<icon_ofsset name="com_cpuid_cpu_z__ic_launcher">2</icon_ofsset>

	<icon_ofsset name="com_coolapk_autoinstaller__ic_launcher">10</icon_ofsset>

	<icon_ofsset name="com_chaozh_ireaderfreepad__icon">12</icon_ofsset>

</resources>
